<application>
  <component name="AdvancedSettings">
    <option name="settings">
      <map>
        <entry key="docker.connect.automatically" value="false" />
        <entry key="floating.codeToolbar.hide" value="true" />
        <entry key="ide.open.readme.md.on.startup" value="false" />
        <entry key="ide.ui.native.file.chooser" value="true" />
        <entry key="searcheverywhere.ml.typos.enable" value="false" />
        <entry key="ssh.config.backend" value="OPENSSH" />
      </map>
    </option>
  </component>
</application>