<application>
  <component name="com.intellij.ide.ui.customization.CustomActionsSchema">
    <group value="CodeWithMeToolbarGroupNewUi" is_group="true" forse_popup="false" action_type="-1" position="3">
      <path value="root" />
      <path value="Main Toolbar" />
      <path value="Right" />
    </group>
    <group value="MainToolbarGeneralActionsGroup" is_group="true" forse_popup="false" action_type="-1" position="2">
      <path value="root" />
      <path value="Main Toolbar" />
      <path value="Left" />
    </group>
    <group value="NewUiRunWidget" is_action="true" action_type="-1" position="2">
      <path value="root" />
      <path value="Main Toolbar" />
      <path value="Right" />
    </group>
    <group value="MainToolbarVCSGroup" is_group="true" forse_popup="false" action_type="-1" position="1">
      <path value="root" />
      <path value="Main Toolbar" />
      <path value="Left" />
    </group>
    <group value="PhpListenDebugAction" is_action="true" action_type="-1" position="1">
      <path value="root" />
      <path value="Main Toolbar" />
      <path value="Right" />
    </group>
    <group value="ExecutionTargetsToolbarGroup" is_group="true" forse_popup="false" action_type="-1" position="0">
      <path value="root" />
      <path value="Main Toolbar" />
      <path value="Right" />
    </group>
    <group value="Git.ContextMenu" is_group="true" forse_popup="true" action_type="1" position="0">
      <path value="root" />
      <path value="Main Toolbar" />
      <path value="Right" />
    </group>
    <group value="ChooseRunConfiguration" is_action="true" action_type="1" position="1">
      <path value="root" />
      <path value="Main Toolbar" />
      <path value="Right" />
    </group>
    <group value="ChooseDebugConfiguration" is_action="true" action_type="1" position="2">
      <path value="root" />
      <path value="Main Toolbar" />
      <path value="Right" />
    </group>
    <action id="Git.ContextMenu" icon="jar:file:/Applications/IntelliJ%20IDEA.app/Contents/lib/app-client.jar!/expui/toolbar/unknown.svg" />
    <action id="RunnerActions" icon="jar:file:/Applications/IntelliJ%20IDEA.app/Contents/lib/app-client.jar!/expui/toolbar/unknown.svg" />
  </component>
</application>