<application>
  <component name="XDebuggerSettings">
    <data-views>
      <sort-values>true</sort-values>
    </data-views>
    <general />
    <debuggers>
      <debugger id="python">
        <configuration>
          <option name="librariesFilterEnabled" value="true" />
          <option name="steppingFiltersEnabled" value="true" />
        </configuration>
      </debugger>
      <debugger id="javascript">
        <configuration>
          <custom-object-presentation />
        </configuration>
      </debugger>
    </debuggers>
  </component>
</application>