<application>
  <component name="FileTypeManager" version="19">
    <extensionMap>
      <mapping pattern="commit-msg" type="AUTO_DETECTED" />
      <mapping ext="bak" type="PLAIN_TEXT" />
      <removed_mapping ext="apk" approved="true" type="ARCHIVE" />
      <removed_mapping ext="csv" approved="true" type="CSV/TSV" />
      <removed_mapping ext="dockerignore" approved="true" type="DockerIgnore file" />
      <removed_mapping ext="ignore" approved="true" type="IgnoreLang file" />
      <removed_mapping ext="log" approved="true" type="PLAIN_TEXT" />
      <removed_mapping ext="pdf" approved="true" type="Native" />
      <removed_mapping ext="psd" approved="true" type="Image" />
      <removed_mapping ext="tsv" approved="true" type="CSV/TSV" />
    </extensionMap>
  </component>
</application>