<application>
  <component name="GraziConfig">
    <option name="userEnabledRules">
      <set>
        <option value="LanguageTool.EN.SOME_OF_THE" />
        <option value="LanguageTool.EN.DUE_TO_THE_FACT" />
        <option value="LanguageTool.EN.EN_CONSISTENT_APOS" />
        <option value="LanguageTool.EN.CANT_HELP_BUT" />
        <option value="LanguageTool.EN.TALK_NO_PREP" />
        <option value="LanguageTool.EN.AT_YOUR_EARLIEST_CONVENIENCE" />
        <option value="LanguageTool.EN.O_CONNOR" />
        <option value="LanguageTool.EN.HAVE_NOT_VBG" />
        <option value="LanguageTool.EN.REGARD_AS_BEING" />
        <option value="LanguageTool.EN.SPACE_BEFORE_PARENTHESIS" />
        <option value="LanguageTool.EN.FOR_THE_PURPOSE_OF" />
        <option value="LanguageTool.EN.REFERRING_BACK" />
        <option value="LanguageTool.EN.ACCURATE" />
        <option value="LanguageTool.EN.IN_FRONT_OF" />
        <option value="LanguageTool.EN.SINGULAR_THAT_WHICH_WHO_AGREEMENT" />
        <option value="LanguageTool.EN.WH_PHRASE_AGREEMENT" />
        <option value="LanguageTool.EN.HAVE_A_TENDENCY" />
        <option value="LanguageTool.EN.BRIEF_MOMENT" />
        <option value="LanguageTool.EN.GUARD_FROM_AGAINST" />
        <option value="LanguageTool.EN.THE_TRUTH_OR_FACT_IS" />
        <option value="LanguageTool.EN.TOO_OFTEN_USED_NOUN_EN" />
        <option value="LanguageTool.EN.IN_THE_AFFIRMATIVE" />
        <option value="LanguageTool.EN.TOO_LONG_PARAGRAPH" />
        <option value="LanguageTool.EN.OCCASION_TRANSITIVE_VERB_VERY_FORMAL" />
        <option value="LanguageTool.EN.TYPO_THEY_S" />
        <option value="LanguageTool.EN.E_PRIME_STRICT" />
        <option value="LanguageTool.EN.EN_SPECIFIC_CASE" />
        <option value="LanguageTool.EN.HONEST_TRUTH" />
        <option value="LanguageTool.EN.CURRENTLY" />
        <option value="LanguageTool.EN.HE_QUESTION" />
        <option value="LanguageTool.EN.AT_ALL_TIMES" />
        <option value="LanguageTool.EN.TIME_NOW" />
        <option value="LanguageTool.EN.I_VE_A" />
        <option value="LanguageTool.EN.TYPO_AS_HAS_WAS" />
        <option value="LanguageTool.EN.DESPITE_THE_FACT" />
        <option value="LanguageTool.EN.WAITING_MY_PATIENT" />
        <option value="LanguageTool.EN.SUFFICIENT" />
        <option value="LanguageTool.EN.AS_A_MATTER_OF_FACT" />
        <option value="LanguageTool.EN.COMMA_PERIOD_CONFUSION" />
        <option value="LanguageTool.EN.FOR_THE_MOST_PART" />
        <option value="LanguageTool.EN.PROFANITY_XML" />
        <option value="LanguageTool.EN.CAPITALIZATION_NNP_DERIVED" />
        <option value="LanguageTool.EN.PASSIVE_VOICE" />
        <option value="LanguageTool.EN.BLEND_TOGETHER" />
        <option value="LanguageTool.EN.SINGULAR_NOUN_THAT_PLURAL_VERB" />
        <option value="LanguageTool.EN.COMMA_BEFORE_AND" />
        <option value="LanguageTool.EN.DOES_XX_CAN" />
        <option value="LanguageTool.EN.TYPO_OR_OF" />
        <option value="LanguageTool.EN.THE_UNDERSIGNED" />
        <option value="LanguageTool.EN.CD_TH" />
        <option value="LanguageTool.EN.BE_ADVISED" />
        <option value="LanguageTool.EN.IN_TERMS_OF" />
        <option value="LanguageTool.EN.DID_FOUND_AMBIGUOUS" />
        <option value="LanguageTool.EN.BARE_INFINITIVE_CAUSATIVE_VERB_MAKE_PRP_VBZ" />
        <option value="LanguageTool.EN.WORLD_AROUND_IT" />
        <option value="LanguageTool.EN.EN_DASH_RULE" />
        <option value="LanguageTool.EN.WORD_CONTAINS_UNDERSCORE" />
        <option value="LanguageTool.EN.HAD_VBP" />
        <option value="LanguageTool.EN.UNTIL_SUCH_TIME_AS" />
        <option value="LanguageTool.EN.ENGLISH_WORD_REPEAT_BEGINNING_RULE" />
        <option value="LanguageTool.EN.PARAGRAPH_REPEAT_BEGINNING_RULE" />
        <option value="LanguageTool.EN.IN_THE_CASE_OF" />
        <option value="LanguageTool.EN.UPPERCASE_SENTENCE_START" />
        <option value="LanguageTool.EN.SERIAL_COMMA_ON" />
        <option value="LanguageTool.EN.PUNCT_WH_AGREEMENT" />
        <option value="LanguageTool.EN.TWITTER_X" />
        <option value="LanguageTool.EN.NON_STANDARD_QUESTION_MARK" />
        <option value="LanguageTool.EN.TYPO_AN_AND" />
        <option value="LanguageTool.EN.PREVENT_FROM" />
        <option value="LanguageTool.EN.MAKE_DECISIONS_ABOUT" />
        <option value="LanguageTool.EN.IN_A_VERY_REAL_SENSE" />
        <option value="LanguageTool.EN.WHITESPACE_RULE" />
        <option value="LanguageTool.EN.METRIC_UNITS_EN_US" />
        <option value="LanguageTool.EN.CLEARLY_OR_OBVIOUSLY" />
        <option value="LanguageTool.EN.COMMA_WHICH" />
        <option value="LanguageTool.EN.NOT_THE_SAME" />
        <option value="LanguageTool.EN.WORTHWHILE" />
        <option value="LanguageTool.EN.ONE_OF_THE_KIND" />
        <option value="LanguageTool.EN.ALSO_SENT_END" />
        <option value="LanguageTool.EN.CHILDISH_LANGUAGE" />
        <option value="LanguageTool.EN.HYPHEN_TO_EM_OR_COMMA" />
        <option value="LanguageTool.EN.PROFANITY" />
        <option value="LanguageTool.EN.IN_A_X_MANNER" />
        <option value="LanguageTool.EN.COMPARISONS_AS_ADJECTIVE_AS" />
        <option value="LanguageTool.EN.BARE_INFINITIVE_VERB_OF_PERCEPTION_SEE_PRP_VBZ" />
        <option value="LanguageTool.EN.STATE-OF-THE-ART" />
        <option value="LanguageTool.EN.IN_THE_PROCESS_OF" />
        <option value="LanguageTool.EN.BEST_EVER" />
        <option value="LanguageTool.EN.FOR_ALL_INTENTS_AND_PURPOSES" />
        <option value="LanguageTool.EN.THE_WORSE_OF" />
        <option value="LanguageTool.EN.ITS_JJ_NNSNN" />
        <option value="LanguageTool.EN.THAT_EXISTS" />
        <option value="LanguageTool.EN.APOSTROPHE_S" />
        <option value="LanguageTool.EN.EN_REDUNDANCY_REPLACE" />
        <option value="LanguageTool.EN.TELL_IT" />
        <option value="LanguageTool.EN.NEGATE_MEANING" />
        <option value="LanguageTool.EN.DRAW_ATTENTION" />
        <option value="LanguageTool.EN.WHITESPACE_PARAGRAPH" />
        <option value="LanguageTool.EN.APOSTROPHE_IN_DAYS" />
        <option value="LanguageTool.EN.TIRED_INTENSIFIERS" />
        <option value="LanguageTool.EN.PROFANITY_TYPOS" />
        <option value="LanguageTool.EN.E_PRIME_LOOSE" />
        <option value="LanguageTool.EN.NOT_VERY_OFTEN" />
        <option value="LanguageTool.EN.TWO_HYPHENS" />
        <option value="LanguageTool.EN.ACCELERATE" />
        <option value="LanguageTool.EN.NOT_ABLE" />
        <option value="LanguageTool.EN.SENTENCE_WHITESPACE" />
        <option value="LanguageTool.EN.TL_DR" />
        <option value="LanguageTool.EN.IN_MY_OPINION" />
        <option value="LanguageTool.EN.CAFE_DIACRITIC" />
        <option value="LanguageTool.EN.in_excess_of" />
        <option value="LanguageTool.EN.DOUBLE_APOSTROPHE" />
        <option value="LanguageTool.EN.BY_MEANS_OF" />
        <option value="LanguageTool.EN.IT_SEEMS_OR_APPEARS_THAT" />
        <option value="LanguageTool.EN.SPURIOUS_APOSTROPHE" />
        <option value="LanguageTool.EN.PASSIVE_VOICE_SIMPLE" />
        <option value="LanguageTool.EN.EN_PLAIN_ENGLISH_REPLACE" />
        <option value="LanguageTool.EN.ACCOMMODATION" />
        <option value="LanguageTool.EN.WHOLE_OTHER" />
        <option value="LanguageTool.EN.YOU_ARE_REQUESTED" />
        <option value="LanguageTool.EN.REASON_WHY" />
        <option value="LanguageTool.EN.EMPTY_LINE" />
        <option value="LanguageTool.EN.ON_THE_OCCASION_OF" />
        <option value="LanguageTool.EN.UNIT_SPACE" />
        <option value="LanguageTool.EN.CONSECUTIVE_SPACES" />
        <option value="LanguageTool.EN.HYPHEN_TO_EN" />
        <option value="LanguageTool.EN.DO_MAKE_PRP_VBG" />
        <option value="LanguageTool.EN.ALONG_THE_LINES_OF" />
        <option value="LanguageTool.EN.ON_TWO_SEPARATE_OCCASIONS" />
        <option value="LanguageTool.EN.SENT_START_CONJUNCTION" />
        <option value="LanguageTool.EN.NOT_UNLIKE" />
        <option value="LanguageTool.EN.BASIS_ON_A" />
        <option value="LanguageTool.EN.VERB_HERE_SINCE" />
        <option value="LanguageTool.EN.VERY_SMALL_TINY" />
        <option value="LanguageTool.EN.WHAT_I_MEAN_TO_SAY_IS_THAT" />
        <option value="LanguageTool.EN.TOO_OFTEN_USED_ADJECTIVE_EN" />
        <option value="LanguageTool.EN.TYPO_ID_IF" />
        <option value="LanguageTool.EN.NON_STANDARD_WORD" />
        <option value="LanguageTool.EN.ALL_THINGS_CONSIDERED" />
        <option value="LanguageTool.EN.OBTAIN" />
        <option value="LanguageTool.EN.NOT_ACCEPT" />
        <option value="LanguageTool.EN.MAJORITY" />
        <option value="LanguageTool.EN.DASH_RULE" />
        <option value="LanguageTool.EN.TAG_QUESTIONS_2" />
        <option value="LanguageTool.EN.SPACE_BETWEEN_NUMBER_AND_WORD" />
        <option value="LanguageTool.EN.ASSIST_ASSISTANCE" />
        <option value="LanguageTool.EN.ACQUIRE" />
        <option value="LanguageTool.EN.HOPEFULLY" />
        <option value="LanguageTool.EN.HOW_IS_ARE" />
        <option value="LanguageTool.EN.APOSTROPHE_VS_QUOTE" />
        <option value="LanguageTool.EN.VBP_VBP" />
        <option value="LanguageTool.EN.QUESTION_X_WHETHER" />
        <option value="LanguageTool.EN.MISSING_PERIOD_AFTER_ABBREVIATION" />
        <option value="LanguageTool.EN.RUDE_SARCASTIC" />
        <option value="LanguageTool.EN.TELL_X_TO_DO" />
        <option value="LanguageTool.EN.ADVERB_WORD_ORDER_10_TEMP" />
        <option value="LanguageTool.EN.THE_PROOF_IS_IN_THE_PUDDING" />
        <option value="LanguageTool.EN.REALMS_OF_POSSIBILITY" />
        <option value="LanguageTool.EN.FOUR_NN" />
        <option value="LanguageTool.EN.IN_THE_NEIGHBORHOOD_OF" />
        <option value="LanguageTool.EN.BECAUSE" />
        <option value="LanguageTool.EN.TOO_OFTEN_USED_VERB_EN" />
        <option value="LanguageTool.EN.THIS_ALL" />
        <option value="LanguageTool.EN.USELESS_THAT" />
        <option value="LanguageTool.EN.NOT_CERTAIN" />
        <option value="LanguageTool.EN.ON_THE_OTHER_HAND" />
        <option value="LanguageTool.EN.TYPE_OF" />
        <option value="LanguageTool.EN.ABUNDANCE" />
        <option value="LanguageTool.EN.SENT_START_NUM" />
        <option value="LanguageTool.EN.ACCOMPLISH" />
        <option value="LanguageTool.EN.APOS_SPACE_CONTRACTION" />
        <option value="LanguageTool.EN.DT_NNS_AGREEMENT" />
        <option value="LanguageTool.EN.HAPPY_CHRISTMAS" />
        <option value="LanguageTool.EN.POPULAR_AMONG_WITH" />
        <option value="LanguageTool.EN.ACCRUE" />
        <option value="LanguageTool.EN.SV_AGREEMENT_CLAUSES_PLURAL" />
        <option value="LanguageTool.EN.SV_AGREEMENT_CLAUSES_SINGULAR" />
        <option value="LanguageTool.EN.IN_A_MANNER_OF_SPEAKING" />
        <option value="LanguageTool.EN.SOONER_RATHER_THAN_LATER" />
        <option value="LanguageTool.EN.AS_PER" />
        <option value="LanguageTool.EN.EG_NO_COMMA" />
        <option value="LanguageTool.EN.EACH_AND_EVERY_NOUN" />
        <option value="LanguageTool.EN.COVID_19" />
        <option value="LanguageTool.EN.MUCH_MONEY" />
        <option value="LanguageTool.EN.WHITESPACE_PARAGRAPH_BEGIN" />
        <option value="LanguageTool.EN.AGREEMENT_THEIR_HIS" />
        <option value="LanguageTool.EN.LARGE_NUMBER_OF" />
        <option value="LanguageTool.EN.WITH_OR_IN_REFERENCE_OR_REGARD_TO" />
        <option value="LanguageTool.EN.BE_A_X_ONE" />
        <option value="LanguageTool.EN.GOT_IT_DONE" />
        <option value="LanguageTool.EN.IN_ORDER_TO" />
        <option value="LanguageTool.EN.TOO_LONG_SENTENCE" />
        <option value="LanguageTool.EN.DT_JJ_NO_NOUN" />
        <option value="LanguageTool.EN.THREE_NN" />
        <option value="LanguageTool.EN.TRY_AND" />
        <option value="LanguageTool.EN.PASSIONATE_BY_ABOUT_2" />
        <option value="LanguageTool.EN.WRONG_APOSTROPHE" />
        <option value="LanguageTool.EN.EITHER_NOR" />
        <option value="LanguageTool.EN.DIVIDE_IN_INTO" />
        <option value="LanguageTool.EN.NUMEROUS_DIFFERENT" />
        <option value="LanguageTool.EN.LOOK_FORWARD_NOT_FOLLOWED_BY_TO" />
        <option value="LanguageTool.EN.LOOK_SLIKE" />
        <option value="LanguageTool.EN.PPL" />
        <option value="LanguageTool.EN.TO_DO_HYPHEN" />
        <option value="LanguageTool.EN.WILL_ALLOW" />
        <option value="LanguageTool.EN.IN_THE_NATURE_OF" />
        <option value="LanguageTool.EN.LITTLE_BIT" />
        <option value="LanguageTool.EN.ID_CASING" />
        <option value="LanguageTool.EN.HAVE_THE_ABILITY_TO" />
        <option value="LanguageTool.EN.QUALITY_PARTITIVE_SINGULAR" />
        <option value="LanguageTool.EN.SOLICIT_FOR" />
        <option value="LanguageTool.EN.IN_THE_EVENT" />
        <option value="LanguageTool.EN.ARE_ABLE_TO" />
        <option value="LanguageTool.EN.NON_STANDARD_COMMA" />
        <option value="LanguageTool.EN.COMMA_PARENTHESIS_WHITESPACE" />
        <option value="LanguageTool.EN.CURRENCY_SPACE" />
        <option value="LanguageTool.EN.EMPHATIC_REFLEXIVE_PRONOUNS" />
        <option value="LanguageTool.EN.SINGULAR_NOUN_THAT_AGREEMENT" />
        <option value="LanguageTool.EN.ARTICLE_MISSING" />
        <option value="LanguageTool.EN.PLURAL_THAT_WHICH_WHO_AGREEMENT" />
        <option value="LanguageTool.EN.GOOD_FLUCK" />
        <option value="LanguageTool.EN.USED_FOR_VBG" />
        <option value="LanguageTool.EN.IN_ON_AN_ALBUM" />
        <option value="LanguageTool.EN.TAG_QUESTIONS_SVA" />
        <option value="LanguageTool.EN.ACCOMPANY" />
        <option value="LanguageTool.EN.CAN_NOT" />
        <option value="LanguageTool.EN.AND_ALSO" />
        <option value="LanguageTool.EN.NOT_MANY" />
        <option value="LanguageTool.EN.TAKE_ACTION_TO" />
        <option value="LanguageTool.EN.EN_REPEATEDWORDS" />
        <option value="LanguageTool.EN.IE_NO_COMMA" />
        <option value="LanguageTool.EN.SERIAL_COMMA_OFF" />
        <option value="LanguageTool.EN.CIRCUMSTANCES_SURROUNDING" />
        <option value="LanguageTool.EN.TOO_TO_EITHER" />
        <option value="LanguageTool.EN.EXACT_SAME" />
        <option value="LanguageTool.EN.ACCEDE_TO" />
        <option value="LanguageTool.EN.APPLE_A_DAY" />
        <option value="LanguageTool.EN.COMPOUND_POSSESSIVE_I" />
        <option value="LanguageTool.EN.CURRENCY" />
        <option value="LanguageTool.EN.IN_THE_FINAL_ANALYSIS" />
        <option value="LanguageTool.EN.IRREGULAR_PAST_PARTICIPLES" />
        <option value="LanguageTool.EN.ACCENTUATE" />
        <option value="LanguageTool.EN.MISSING_GENITIVE" />
        <option value="LanguageTool.EN.WHO_WHOM" />
        <option value="LanguageTool.EN.MAKE_AN_ATTEMPT" />
        <option value="LanguageTool.EN.FLASHPOINT" />
        <option value="LanguageTool.EN.SMALL_NUMBER_OF" />
        <option value="LanguageTool.EN.APOSTROPHE_IN_DATES" />
        <option value="LanguageTool.EN.SENTENCE_FRAGMENT" />
        <option value="LanguageTool.EN.MISSING_APOSTROPHE" />
        <option value="LanguageTool.EN.PHOTO_WITH_HIS_CAT" />
        <option value="LanguageTool.EN.GONNA_TEMP" />
        <option value="LanguageTool.EN.BELATED" />
        <option value="LanguageTool.EN.NON_ENGLISH_CHARACTER_IN_A_WORD" />
      </set>
    </option>
  </component>
</application>