<application>
  <component name="LineMarkerSettings">
    <option name="providers">
      <map>
        <entry key="GrpcRunRequestGutterProvider" value="true" />
        <entry key="PbCodeImplementationLineMarkerProvider" value="true" />
        <entry key="RenderedDoc" value="true" />
        <entry key="SwOpenInHttpClientLineMarkerProvider" value="true" />
        <entry key="com.goide.editor.marker.GoRunGenerateLineMarkerProvider" value="true" />
        <entry key="com.goide.go.GoGotoSuperHandler$GoSuperMarkerProvider" value="true" />
        <entry key="com.goide.go.GoInheritorsSearch$GoInheritorMarkerProvider" value="true" />
        <entry key="com.intellij.clouds.docker.gateway.ideSettings.DevcontainerAddSettingsMarkerProvider" value="true" />
        <entry key="com.intellij.codeInsight.ExternalAnnotationLineMarkerProvider" value="true" />
        <entry key="com.intellij.codeInsight.InferredContractAnnotationsLineMarkerProvider" value="false" />
        <entry key="com.intellij.codeInsight.InferredNullabilityAnnotationsLineMarkerProvider" value="false" />
        <entry key="com.intellij.codeInsight.daemon.impl.IconLineMarkerProvider" value="true" />
        <entry key="com.intellij.codeInsight.daemon.impl.RecursiveCallLineMarkerProvider" value="true" />
        <entry key="com.intellij.execution.lineMarker.RunLineMarkerProvider" value="true" />
        <entry key="com.intellij.httpClient.http.request.codeInsight.HttpClientOverrideLineMarkerProvider" value="true" />
        <entry key="com.intellij.httpClient.http.request.codeInsight.HttpRequestDiffLineMarkerProvider" value="true" />
        <entry key="com.intellij.httpClient.http.request.environment.codeinsight.HttpRequestEnvironmentSetSecretLineMarkerProvider" value="true" />
        <entry key="com.intellij.httpClient.http.request.microservices.endpoints.EmbeddedHttpClientEditorRunLineMarkerProvider" value="true" />
        <entry key="com.intellij.kubernetes.helm.HelmRepositoryAnnotator" value="true" />
        <entry key="com.intellij.kubernetes.helm.ValueOverrideAnnotator" value="true" />
        <entry key="com.intellij.kubernetes.references.LabelContainerAnnotator" value="true" />
        <entry key="com.intellij.lang.javascript.highlighting.JSRecursiveCallLineMarkerProvider" value="true" />
        <entry key="com.intellij.lang.javascript.highlighting.TypeScriptSourceMappingLineMarkerProvider" value="true" />
        <entry key="com.intellij.ml.llm.sql.formatting.SqlAiFormatGutterExt" value="true" />
        <entry key="com.intellij.openapi.vcs.changes.ignore.codeInsight.IgnoreDirectoryMarkerProvider" value="true" />
        <entry key="com.intellij.protobuf.go.gutter.PbGoLineMarkerProvider" value="true" />
        <entry key="com.intellij.protobuf.jvm.gutter.PbJavaLineMarkerProvider" value="true" />
        <entry key="com.intellij.python.endpoints.WebStructureLineMarkerProvider" value="true" />
        <entry key="com.intellij.sql.editor.SqlRecursiveCallLineMakerProvider" value="true" />
        <entry key="com.intellij.ui.ColorLineMarkerProvider" value="true" />
        <entry key="com.intellij.vcs.github.ultimate.action.branding.BrandingColorLineMarkerProvider" value="true" />
        <entry key="com.intellij.vcs.github.ultimate.action.branding.BrandingIconLineMarkerProvider" value="true" />
        <entry key="com.jetbrains.php.architecture.complexityMetrics.codeSmell.presentation.CodeSmellLineMarkerProvider" value="true" />
        <entry key="com.jetbrains.php.codeInsight.PhpMetaDeclarationLineMarkerProvider" value="true" />
        <entry key="com.jetbrains.php.codeInsight.PhpRecursiveCallLineMarkerProvider" value="true" />
        <entry key="com.jetbrains.php.lang.PhpLineMarkerProvider" value="true" />
        <entry key="com.jetbrains.php.restClient.guzzle.GuzzleRunRequestLineMarkerProvider" value="true" />
        <entry key="java.implemented" value="true" />
        <entry key="java.implementing" value="true" />
        <entry key="java.lambda" value="true" />
        <entry key="java.overridden" value="true" />
        <entry key="java.overriding" value="true" />
        <entry key="java.service" value="true" />
        <entry key="java.sibling.inherited" value="true" />
        <entry key="js.implemented" value="true" />
        <entry key="js.implementing" value="true" />
        <entry key="js.overridden" value="true" />
        <entry key="js.overriding" value="true" />
        <entry key="org.editorconfig.configmanagement.editor.EditorConfigPreviewMarkerProvider" value="true" />
        <entry key="org.intellij.plugins.markdown.editor.images.ConfigureHtmlImageLineMarkerProvider" value="true" />
        <entry key="org.intellij.plugins.markdown.editor.images.ConfigureMarkdownImageLineMarkerProvider" value="true" />
        <entry key="org.intellij.plugins.markdown.editor.images.ConfigureTextHtmlImageLineMarkerProvider" value="true" />
        <entry key="org.intellij.plugins.markdown.extensions.common.plantuml.PlantUMLCodeFenceDownloadLineMarkerProvider" value="true" />
        <entry key="org.intellij.plugins.markdown.extensions.jcef.mermaid.MermaidCodeFenceDownloadLineMarkerProvider" value="true" />
        <entry key="org.intellij.plugins.markdown.images.editor.ConfigureHtmlImageLineMarkerProvider" value="true" />
        <entry key="org.intellij.plugins.markdown.images.editor.ConfigureMarkdownImageLineMarkerProvider" value="true" />
        <entry key="org.intellij.plugins.markdown.images.editor.ConfigureTextHtmlImageLineMarkerProvider" value="true" />
        <entry key="software.aws.toolkits.jetbrains.services.lambda.upload.LambdaLineMarker" value="true" />
      </map>
    </option>
  </component>
</application>