<application>
  <component name="LanguageInjectionConfiguration">
    <injection language="SQL" injector-id="go">
      <display-name>SQL alter/drop/truncate table</display-name>
      <single-file value="true" />
      <place disabled="true"><![CDATA[goStringLiteralThatMatches(" *(ALTER|DROP|TRUNCATE) +TABLE .*")]]></place>
    </injection>
    <injection language="SQL" injector-id="go">
      <display-name>SQL create table</display-name>
      <single-file value="true" />
      <place disabled="true"><![CDATA[goStringLiteralThatMatches(" *CREATE +((TEMP(ORARY)?|(GLOBAL +TEMPORARY)) +)?TABLE .*\\(.*")]]></place>
    </injection>
    <injection language="SQL" injector-id="go">
      <display-name>SQL create/drop database</display-name>
      <single-file value="true" />
      <place disabled="true"><![CDATA[goStringLiteralThatMatches(" *(CREATE|DROP) +DATABASE .*")]]></place>
    </injection>
    <injection language="SQL" injector-id="go">
      <display-name>SQL delete</display-name>
      <single-file value="true" />
      <place disabled="true"><![CDATA[goStringLiteralThatMatches(" *DELETE +(\\* +)?FROM .*")]]></place>
    </injection>
    <injection language="SQL" injector-id="go">
      <display-name>SQL insert</display-name>
      <single-file value="true" />
      <place disabled="true"><![CDATA[goStringLiteralThatMatches(" *INSERT +((OR +)?IGNORE +)?INTO .*")]]></place>
    </injection>
    <injection language="SQL" injector-id="go">
      <display-name>SQL select</display-name>
      <single-file value="true" />
      <place disabled="true"><![CDATA[goStringLiteralThatMatches(" *SELECT .*FROM .*")]]></place>
    </injection>
    <injection language="SQL" injector-id="go">
      <display-name>SQL update</display-name>
      <single-file value="true" />
      <place disabled="true"><![CDATA[goStringLiteralThatMatches(" *UPDATE .*SET .*")]]></place>
    </injection>
    <injection language="SQLite" injector-id="js">
      <display-name>HTML5 SQL Database (SQLite)</display-name>
      <single-file value="true" />
      <place disabled="true"><![CDATA[jsLiteral().and(jsArgument("executeSql", 0))]]></place>
    </injection>
    <injection language="SQL" injector-id="js">
      <display-name>SQL create</display-name>
      <single-file value="true" />
      <place disabled="true"><![CDATA[jsLiteral().withStringValueIgnoringInterpolations(stringMatchesBrics(" *(CREATE|DROP|ALTER) +((TEMPORARY )?TABLE|(UNIQUE )?INDEX) .*"))]]></place>
    </injection>
    <injection language="SQL" injector-id="js">
      <display-name>SQL insert/replace</display-name>
      <single-file value="true" />
      <place disabled="true"><![CDATA[jsLiteral().withStringValueIgnoringInterpolations(stringMatchesBrics(" *(INSERT|REPLACE) .*INTO .*"))]]></place>
    </injection>
    <injection language="SQL" injector-id="js">
      <display-name>SQL select/delete</display-name>
      <single-file value="true" />
      <place disabled="true"><![CDATA[jsLiteral().withStringValueIgnoringInterpolations(stringMatchesBrics(" *(SELECT|DELETE) .*FROM .*"))]]></place>
    </injection>
    <injection language="SQL" injector-id="js">
      <display-name>SQL tagged string</display-name>
      <single-file value="true" />
      <place disabled="true"><![CDATA[taggedString("sql")]]></place>
      <templateTag>sql</templateTag>
    </injection>
    <injection language="SQL" injector-id="js">
      <display-name>SQL update</display-name>
      <single-file value="true" />
      <place disabled="true"><![CDATA[jsLiteral().withStringValueIgnoringInterpolations(stringMatchesBrics(" *UPDATE .* SET .*"))]]></place>
    </injection>
    <injection language="SQL" injector-id="js">
      <display-name>SQL with</display-name>
      <single-file value="true" />
      <place disabled="true"><![CDATA[jsLiteral().withStringValueIgnoringInterpolations(stringMatchesBrics(" *WITH .+ AS *\\(.+"))]]></place>
    </injection>
    <injection language="TSQL" injector-id="js">
      <display-name>Transact-SQL declare</display-name>
      <single-file value="true" />
      <place disabled="true"><![CDATA[jsLiteral().withStringValueIgnoringInterpolations(stringMatchesBrics(" *DECLARE +\\@.*"))]]></place>
    </injection>
    <injection language="SQLite" injector-id="js">
      <display-name>flash.data (SQLite)</display-name>
      <single-file value="true" />
      <place disabled="true"><![CDATA[jsLiteral().and(asAssignedValue("text", "*", "dbStatement"))]]></place>
      <place disabled="true"><![CDATA[jsLiteral().and(asAssignedValue("text", "flash.data.SQLStatement"))]]></place>
    </injection>
    <injection language="SQL" injector-id="php">
      <display-name>&quot;SQL select/delete/insert/update/create&quot;</display-name>
      <single-file value="true" />
      <place disabled="true"><![CDATA[and(not(phpLiteralExpression("DQL")), withTopmostConcatenationOperand(phpLiteralMatchesBrics(" *(((SELECT|DELETE) .*FROM)|((INSERT|REPLACE) .*INTO)|(UPDATE ~(.*[A-Za-z_][A-Za-z0-9_]*(\\\\|:)[A-Za-z_].*) SET)|((CREATE|DROP|ALTER) +((TEMPORARY )?TABLE|(UNIQUE )?INDEX))) ~(.*[A-Za-z_][A-Za-z0-9_]*(\\\\|:)[A-Za-z_].*)")))]]></place>
    </injection>
    <injection language="SQL" injector-id="php">
      <display-name>&lt;&lt;&lt; SQL</display-name>
      <single-file value="true" />
      <place disabled="true"><![CDATA[phpLiteralExpression("SQL")]]></place>
    </injection>
    <injection language="SQL" injector-id="python">
      <display-name>&quot;SQL select/delete/insert/update/create&quot;</display-name>
      <single-file value="true" />
      <place disabled="true"><![CDATA[pyStringLiteralMatches("^(\\s*((((--|#)[^\n\r]*)|(/\\*([^*])+\\*+/))(\r\n|\n|\r))+)?\\s*((ALTER|DROP)\\s+INDEX\\s.+)")]]></place>
      <place disabled="true"><![CDATA[pyStringLiteralMatches("^(\\s*((((--|#)[^\n\r]*)|(/\\*([^*])+\\*+/))(\r\n|\n|\r))+)?\\s*((ALTER|DROP)\\s+VIEW\\s.+)")]]></place>
      <place disabled="true"><![CDATA[pyStringLiteralMatches("^(\\s*((((--|#)[^\n\r]*)|(/\\*([^*])+\\*+/))(\r\n|\n|\r))+)?\\s*((ALTER|TRUNCATE)\\s+TABLE\\s.+)")]]></place>
      <place disabled="true"><![CDATA[pyStringLiteralMatches("^(\\s*((((--|#)[^\n\r]*)|(/\\*([^*])+\\*+/))(\r\n|\n|\r))+)?\\s*((BEGIN)|(START TRANSACTION))(\\s[^\n\r]+)?;")]]></place>
      <place disabled="true"><![CDATA[pyStringLiteralMatches("^(\\s*((((--|#)[^\n\r]*)|(/\\*([^*])+\\*+/))(\r\n|\n|\r))+)?\\s*((CREATE|DROP)\\s+DATABASE\\s.+)")]]></place>
      <place disabled="true"><![CDATA[pyStringLiteralMatches("^(\\s*((((--|#)[^\n\r]*)|(/\\*([^*])+\\*+/))(\r\n|\n|\r))+)?\\s*((CREATE|DROP)\\s+EXTENSION\\s.+)")]]></place>
      <place disabled="true"><![CDATA[pyStringLiteralMatches("^(\\s*((((--|#)[^\n\r]*)|(/\\*([^*])+\\*+/))(\r\n|\n|\r))+)?\\s*(ALTER\\s+EXTENSION\\s.+?\\s(UPDATE|(SET SCHEMA)|ADD|DROP))")]]></place>
      <place disabled="true"><![CDATA[pyStringLiteralMatches("^(\\s*((((--|#)[^\n\r]*)|(/\\*([^*])+\\*+/))(\r\n|\n|\r))+)?\\s*(ALTER\\s+SEQUENCE\\s.+)")]]></place>
      <place disabled="true"><![CDATA[pyStringLiteralMatches("^(\\s*((((--|#)[^\n\r]*)|(/\\*([^*])+\\*+/))(\r\n|\n|\r))+)?\\s*(BEGIN\\s+TRAN(SACTION)?\\s.+)")]]></place>
      <place disabled="true"><![CDATA[pyStringLiteralMatches("^(\\s*((((--|#)[^\n\r]*)|(/\\*([^*])+\\*+/))(\r\n|\n|\r))+)?\\s*(BEGIN\\s.+\\sEND;?$)")]]></place>
      <place disabled="true"><![CDATA[pyStringLiteralMatches("^(\\s*((((--|#)[^\n\r]*)|(/\\*([^*])+\\*+/))(\r\n|\n|\r))+)?\\s*(COPY\\s.+?\\s(FROM|TO)\\s.+;$)")]]></place>
      <place disabled="true"><![CDATA[pyStringLiteralMatches("^(\\s*((((--|#)[^\n\r]*)|(/\\*([^*])+\\*+/))(\r\n|\n|\r))+)?\\s*(CREATE\\s+((TEMP(ORARY)?|(GLOBAL\\s+TEMPORARY))\\s+)?TABLE\\s.+?\\(.+?\\))")]]></place>
      <place disabled="true"><![CDATA[pyStringLiteralMatches("^(\\s*((((--|#)[^\n\r]*)|(/\\*([^*])+\\*+/))(\r\n|\n|\r))+)?\\s*(CREATE\\s+(OR\\s+REPLACE\\s+)?FUNCTION\\s.+?\\sRETURNS?\\s.+)")]]></place>
      <place disabled="true"><![CDATA[pyStringLiteralMatches("^(\\s*((((--|#)[^\n\r]*)|(/\\*([^*])+\\*+/))(\r\n|\n|\r))+)?\\s*(CREATE\\s+(OR\\s+REPLACE\\s+)?PROC(EDURE)?\\s.+)")]]></place>
      <place disabled="true"><![CDATA[pyStringLiteralMatches("^(\\s*((((--|#)[^\n\r]*)|(/\\*([^*])+\\*+/))(\r\n|\n|\r))+)?\\s*(CREATE\\s+(OR\\s+REPLACE\\s+)?TRIGGER\\s.+?\\sON\\s.+)")]]></place>
      <place disabled="true"><![CDATA[pyStringLiteralMatches("^(\\s*((((--|#)[^\n\r]*)|(/\\*([^*])+\\*+/))(\r\n|\n|\r))+)?\\s*(CREATE\\s+(OR\\s+REPLACE\\s+)?VIEW\\s.+?\\sAS\\s.+)")]]></place>
      <place disabled="true"><![CDATA[pyStringLiteralMatches("^(\\s*((((--|#)[^\n\r]*)|(/\\*([^*])+\\*+/))(\r\n|\n|\r))+)?\\s*(CREATE\\s+(UNIQUE\\s+)?INDEX\\s.+?\\sON\\s.+)")]]></place>
      <place disabled="true"><![CDATA[pyStringLiteralMatches("^(\\s*((((--|#)[^\n\r]*)|(/\\*([^*])+\\*+/))(\r\n|\n|\r))+)?\\s*(DELETE\\s+(\\*\\s+)?FROM\\s.+)")]]></place>
      <place disabled="true"><![CDATA[pyStringLiteralMatches("^(\\s*((((--|#)[^\n\r]*)|(/\\*([^*])+\\*+/))(\r\n|\n|\r))+)?\\s*(DROP\\s+TABLE\\s.+)")]]></place>
      <place disabled="true"><![CDATA[pyStringLiteralMatches("^(\\s*((((--|#)[^\n\r]*)|(/\\*([^*])+\\*+/))(\r\n|\n|\r))+)?\\s*(INSERT\\s+((OR\\s+)?IGNORE\\s+)?INTO\\s.+)")]]></place>
      <place disabled="true"><![CDATA[pyStringLiteralMatches("^(\\s*((((--|#)[^\n\r]*)|(/\\*([^*])+\\*+/))(\r\n|\n|\r))+)?\\s*(REPLACE\\s+INTO\\s.+)")]]></place>
      <place disabled="true"><![CDATA[pyStringLiteralMatches("^(\\s*((((--|#)[^\n\r]*)|(/\\*([^*])+\\*+/))(\r\n|\n|\r))+)?\\s*(SELECT\\s.+?\\sFROM\\s.+)")]]></place>
      <place disabled="true"><![CDATA[pyStringLiteralMatches("^(\\s*((((--|#)[^\n\r]*)|(/\\*([^*])+\\*+/))(\r\n|\n|\r))+)?\\s*(UPDATE\\s.+?\\sSET\\s.+)")]]></place>
      <place disabled="true"><![CDATA[pyStringLiteralMatches("^(\\s*((((--|#)[^\n\r]*)|(/\\*([^*])+\\*+/))(\r\n|\n|\r))+)?\\s*(WITH\\s.+?\\sAS\\s.+)")]]></place>
    </injection>
    <injection language="SQLite" injector-id="python">
      <display-name>sqlite3</display-name>
      <single-file value="true" />
      <place disabled="true"><![CDATA[pyLiteralExpression().and(pyMethodArgument("execute", 0, "_sqlite3.Connection"))]]></place>
      <place disabled="true"><![CDATA[pyLiteralExpression().and(pyMethodArgument("execute", 0, "_sqlite3.Cursor"))]]></place>
      <place disabled="true"><![CDATA[pyLiteralExpression().and(pyMethodArgument("executemany", 0, "_sqlite3.Connection"))]]></place>
      <place disabled="true"><![CDATA[pyLiteralExpression().and(pyMethodArgument("executemany", 0, "_sqlite3.Cursor"))]]></place>
    </injection>
    <injection language="JSON" injector-id="sql">
      <display-name>ClickHouse JSON</display-name>
      <single-file value="true" />
      <place><![CDATA[sqlElement().forDialects("ClickHouse").functionArgument(0, sqlFunctionCall().name("visitParamHas", "visitParamExtractUInt", "visitParamExtractInt", "visitParamExtractFloat", "visitParamExtractBool", "visitParamExtractRaw", "visitParamExtractString").params(sqlExpressions().count(2)))]]></place>
      <place><![CDATA[sqlElement().forDialects("ClickHouse").insertWithFormatInput("JSON")]]></place>
    </injection>
    <injection language="JSON" injector-id="sql">
      <display-name>Oracle JSON</display-name>
      <single-file value="true" />
      <place><![CDATA[sqlElement().forDialects("Oracle").functionArgument(0, -1, 1, sqlFunctionCall().name("json_array"))]]></place>
      <place><![CDATA[sqlElement().forDialects("Oracle").functionArgument(0, sqlFunctionCall().name("json_query", "json_value", "json_array_agg"))]]></place>
      <place><![CDATA[sqlElement().forDialects("Oracle").functionArgument(0, sqlFunctionCall().name("json_table"))]]></place>
      <place><![CDATA[sqlElement().forDialects("Oracle").functionArgument(1, -1, 2, sqlFunctionCall().name("json_object"))]]></place>
      <place><![CDATA[sqlElement().forDialects("Oracle").functionArgument(1, sqlFunctionCall().name("json_object_agg"))]]></place>
      <place><![CDATA[sqlExpression().forDialects("Oracle").functionArgument(0, -1, 1, sqlFunctionCall().name("json_object")).withNextMeaningfulSibling(leafTokens("format"), 0).withNextMeaningfulSibling(leafTokens("json"), 1)]]></place>
    </injection>
    <injection language="RegExp" injector-id="sql">
      <display-name>Oracle RegExp</display-name>
      <single-file value="true" />
      <place><![CDATA[sqlElement().forDialects("Oracle").functionArgument(1, sqlFunctionCall().name("regexp_count").params(sqlExpressions().count(2, 4)))]]></place>
      <place><![CDATA[sqlElement().forDialects("Oracle").functionArgument(1, sqlFunctionCall().name("regexp_instr").params(sqlExpressions().count(2, 7)))]]></place>
      <place><![CDATA[sqlElement().forDialects("Oracle").functionArgument(1, sqlFunctionCall().name("regexp_like").params(sqlExpressions().count(2, 3)))]]></place>
      <place><![CDATA[sqlElement().forDialects("Oracle").functionArgument(1, sqlFunctionCall().name("regexp_replace", "regexp_substr").params(sqlExpressions().count(2, 6)))]]></place>
    </injection>
    <injection language="XPath2" injector-id="sql">
      <display-name>Oracle XPath</display-name>
      <single-file value="true" />
      <place><![CDATA[sqlElement().forDialects("Oracle").functionArgument(0, sqlFunctionCall().name("xmlquery", "xmlexists"))]]></place>
      <place><![CDATA[sqlElement().forDialects("Oracle").functionArgument(0, sqlFunctionCall().name("xmltable"))]]></place>
      <place><![CDATA[sqlElement().forDialects("Oracle").functionArgument(1, -2, 2, sqlFunctionCall().name("updatexml"))]]></place>
      <place><![CDATA[sqlElement().forDialects("Oracle").functionArgument(1, sqlFunctionCall().name("appendchildxml", "insertxmlafter", "insertxmlbefore").params(sqlExpressions().count(3, 4)))]]></place>
      <place><![CDATA[sqlElement().forDialects("Oracle").functionArgument(1, sqlFunctionCall().name("extract", "extractvalue", "deletexml", "existsnode").params(sqlExpressions().count(2, 3)))]]></place>
      <place><![CDATA[sqlElement().forDialects("Oracle").functionArgument(1, sqlFunctionCall().name("insertchildxml", "insertchildxmlafter", "insertchildxmlbefore").params(sqlExpressions().count(4, 5)))]]></place>
    </injection>
    <injection language="RegExp" injector-id="sql">
      <display-name>PostgreSQL RegExp</display-name>
      <single-file value="true" />
      <place><![CDATA[sqlElement().forDialects("PostgreSQL").binaryExpressionArgument(1, sqlBinaryExpression().left(sqlExpression().withType("text")).operationNames("~", "~*", "!~", "!~*"))]]></place>
      <place><![CDATA[sqlElement().forDialects("PostgreSQL").functionArgument(1, sqlFunctionCall().name("regexp_replace").params(sqlExpressions().count(3, 4)))]]></place>
      <place><![CDATA[sqlElement().forDialects("PostgreSQL").functionArgument(1, sqlFunctionCall().name("substr", "substring", "regexp_match", "regexp_matches", "regexp_split_to_array", "regexp_split_to_table").params(sqlExpressions().count(2, 3)))]]></place>
    </injection>
    <injection language="XPath2" injector-id="sql">
      <display-name>PostgreSQL XPath</display-name>
      <single-file value="true" />
      <place><![CDATA[sqlElement().forDialects("PostgreSQL").functionArgument(0, sqlFunctionCall().name("xmlexists", "xmltable").params(sqlExpressions().count(2)))]]></place>
      <place><![CDATA[sqlElement().forDialects("PostgreSQL").functionArgument(0, sqlFunctionCall().name("xpath", "xpath_exists").params(sqlExpressions().count(2, 3)))]]></place>
    </injection>
    <injection language="PostgreSQL" injector-id="sql">
      <display-name>PostgreSQL dblink</display-name>
      <single-file value="true" />
      <place><![CDATA[sqlElement().forDialects("PostgreSQL").functionArgument(0, sqlFunctionCall().name("dblink", "dblink_exec").params(sqlExpressions().count(1, 2).atOpt(1, sqlExpression().withType("boolean"))))]]></place>
      <place><![CDATA[sqlElement().forDialects("PostgreSQL").functionArgument(1, sqlFunctionCall().name("dblink", "dblink_exec").params(sqlExpressions().count(2, 3)))]]></place>
      <place><![CDATA[sqlElement().forDialects("PostgreSQL").functionArgument(1, sqlFunctionCall().name("dblink_open").params(sqlExpressions().count(2, 3).atOpt(2, sqlExpression().withType("boolean"))))]]></place>
      <place><![CDATA[sqlElement().forDialects("PostgreSQL").functionArgument(1, sqlFunctionCall().name("dblink_send_query").params(sqlExpressions().count(2)))]]></place>
      <place><![CDATA[sqlElement().forDialects("PostgreSQL").functionArgument(2, sqlFunctionCall().name("dblink_open").params(sqlExpressions().count(3, 4)))]]></place>
    </injection>
    <injection language="XML" injector-id="sql">
      <display-name>Sybase XML</display-name>
      <single-file value="true" />
      <place><![CDATA[sqlElement().forDialects("Sybase").binaryExpressionArgument(1, sqlBinaryExpression().operation(leafTokens("xmltest").or("not", "xmltest")))]]></place>
      <place><![CDATA[sqlElement().forDialects("Sybase").functionArgument(0, sqlFunctionCall().name("xmlparse", "xmlvalidate"))]]></place>
      <place><![CDATA[sqlElement().forDialects("Sybase").functionArgument(1, sqlFunctionCall().name("xmlextract"))]]></place>
    </injection>
    <injection language="XPath2" injector-id="sql">
      <display-name>Sybase XPath</display-name>
      <single-file value="true" />
      <place><![CDATA[sqlElement().forDialects("Sybase").binaryExpressionArgument(0, sqlBinaryExpression().operation(leafTokens("xmltest").or("not", "xmltest")))]]></place>
      <place><![CDATA[sqlElement().forDialects("Sybase").functionArgument(0, sqlFunctionCall().name("xmlextract"))]]></place>
    </injection>
  </component>
</application>