<application>
  <component name="LafManager">
    <laf themeId="com.github.catppuccin.mocha.jetbrains" />
    <lafs-to-previous-schemes>
      <laf-to-scheme laf="1324eea6-b737-4305-8a73-14af69073eae" scheme="_@user_Default" />
      <laf-to-scheme laf="Darcula" scheme="_@user_Darcula Contrast" />
      <laf-to-scheme laf="Raven-Ice-Blue-Accent-Theme" scheme="_@user_Default" />
      <laf-to-scheme laf="com.github.aslbarnett.lapisjetbrains" scheme="_@user_Default" />
      <laf-to-scheme laf="com.github.catppuccin.mocha.jetbrains" scheme="_@user_Catppuccin Mocha (no italics)" />
    </lafs-to-previous-schemes>
  </component>
</application>