<application>
  <component name="LogHighlightingSettings">
    <highlightingPatterns>
      <LogHighlightingPattern pattern="^\s*(e(rror)?|severe)\s*$" action="HIGHLIGHT_LINE" fg="{&quot;lightRgb&quot;:-39836,&quot;darkRgb&quot;:-39836}" bold="true" uuid="de2d3bb2-78c9-4beb-835e-d483c35c07b6" />
      <LogHighlightingPattern pattern="^\s*w(arn(ing)?)?\s*$" action="HIGHLIGHT_LINE" fg="{&quot;lightRgb&quot;:-6329600,&quot;darkRgb&quot;:-6329600}" bold="true" uuid="11ff1574-2118-4722-905a-61bec89b079e" />
      <LogHighlightingPattern pattern="^\s*i(nfo)?\s*$" action="HIGHLIGHT_LINE" fg="{&quot;lightRgb&quot;:-10316203,&quot;darkRgb&quot;:-10316203}" uuid="5e882ebc-2179-488b-8e1a-2fe488636f36" />
      <LogHighlightingPattern pattern="^\s*c(ritical)?\s*$" action="HIGHLIGHT_LINE" fg="{&quot;lightRgb&quot;:-39470,&quot;darkRgb&quot;:-39470}" bold="true" stripe="true" uuid="b6f1e53e-3b42-4917-9206-900294467ea8" />
      <LogHighlightingPattern pattern="^\s*d(precated)?\s*$" action="HIGHLIGHT_LINE" fg="{&quot;lightRgb&quot;:-7961977,&quot;darkRgb&quot;:-7961977}" italic="true" uuid="7df64cc6-39d1-4544-90c0-afae12439a30" />
      <LogHighlightingPattern pattern="^\s*d(ebug)?\s*$" action="HIGHLIGHT_LINE" fg="{&quot;lightRgb&quot;:-3027576,&quot;darkRgb&quot;:-3027576}" uuid="3bf42f39-5a88-4ec6-a131-d34825e14f0b" />
      <LogHighlightingPattern pattern="^\s*n(otice)?\s*$" action="HIGHLIGHT_LINE" uuid="e43875a0-e5b2-4b8e-94cf-3fbddbe19323" />
      <LogHighlightingPattern pattern="^.*error\s*$" formatId="cfac4fb8-ee2c-489b-915c-ed35465a0ef8" captureGroup="-1" action="HIGHLIGHT_LINE" fg="{&quot;lightRgb&quot;:-2088928,&quot;darkRgb&quot;:-39836}" bold="true" uuid="ebea071d-a83b-4473-8534-50a99088fc45" />
      <LogHighlightingPattern pattern="^\s*notice\s*$" captureGroup="-1" action="HIGHLIGHT_LINE" fg="{&quot;lightRgb&quot;:-8355712,&quot;darkRgb&quot;:-8355712}" uuid="6f107f42-017e-49b3-85f1-85d0f5963f7c" />
      <LogHighlightingPattern pattern="^\s*critical\s*$" captureGroup="-1" action="HIGHLIGHT_LINE" fg="{&quot;lightRgb&quot;:-2088928,&quot;darkRgb&quot;:-39836}" bold="true" uuid="590a497a-8f79-42a7-b69f-25c8a12a0791" />
      <LogHighlightingPattern pattern="^\s*debug\s*$" captureGroup="-1" action="HIGHLIGHT_LINE" fg="{&quot;lightRgb&quot;:-8355712,&quot;darkRgb&quot;:-8355712}" uuid="a0f8f2c4-5ac9-4185-a38f-ca6eb2002399" />
    </highlightingPatterns>
    <parsingPatterns>
      <LogParsingPattern enabled="false" name="Pipe-separated" pattern="^(?s)([^|]*)\|([^|]*)\|([^|]*)\|(.*)$" timePattern="HH:mm:ss.SSS" linePattern="^\d" timeId="0" severityId="1" categoryId="2" uuid="b5772998-bf1e-4d9d-ab41-da0b86451163" />
      <LogParsingPattern enabled="false" name="IntelliJ IDEA" pattern="^([^\[]+)(\[[\s\d]+])\s*(\w*)\s*-\s*(\S*)\s*-(.+)$" timePattern="yyyy-MM-dd HH:mm:ss,SSS" linePattern="^\d" timeId="0" severityId="2" categoryId="3" uuid="8a0e8992-94cb-4f4c-8be2-42b03609626b" />
      <LogParsingPattern enabled="false" name="TeamCity build log" pattern="^\[([^]]+)](.):\s*(\[[^]]+])?(.*)$" timePattern="HH:mm:ss" linePattern="^\[" timeId="0" severityId="1" categoryId="2" uuid="e9fa2755-8390-42f5-a41e-a909c58c8cf9" />
      <LogParsingPattern enabled="false" name="Symfony bis" pattern="^\[(\d{4}-\d{2}-\d{2}\s+\d{2}:\d{2}:\d{2})\]\s+(\w+).(\w+):\s+(.*)$" timePattern="yyyy-MM-dd'T'HH:mm:ss.SSSSSSXXX" linePattern="^\[" timeId="0" severityId="2" categoryId="1" uuid="e566c296-7734-4f41-823f-feb66e878eed" />
      <LogParsingPattern name="WordPress" pattern="^\[([\w\-:\s]+)]\s(\w+)\s([^:]+):\s(.*)$" timePattern="dd-MM-yyyy HH:mm:ss" linePattern="^\[" timeId="0" severityId="2" uuid="cfac4fb8-ee2c-489b-915c-ed35465a0ef8" />
      <LogParsingPattern name="Symfony" pattern="^\[([\d\-T:\+\.)]+)\]\s(\w+)\.([A-Z]+):\s(.*)$" timePattern="yyyy-MM-dd'T'HH:mm:ss.SSSSSSXXX" linePattern="^\[" timeId="0" severityId="2" categoryId="1" uuid="709d5670-3ee7-46fd-8baf-af40c3fb6f3b" />
      <LogParsingPattern name="Laravel" pattern="^\[([\d\-: ]*)] (?!:)[\s\S]*?\.(.*?(?=:)): ([\s\S]*?(?=(^\[[\d\-: ]*])|\Z))$" timePattern="yyyy-MM-dd HH:mm:ss" linePattern="^\[\d" timeId="0" severityId="1" uuid="b1f4f41b-d1b9-4782-ac27-07ee65710a73" />
    </parsingPatterns>
    <settingsVersion>13</settingsVersion>
    <readonlySizeThreshold>20971520</readonlySizeThreshold>
    <externalParsingPatterns>
      <LogParsingPattern name="WordPress" pattern="^\[([\w\-:\s]+)]\s(\w+)\s([^:]+):\s(.*)$" timePattern="dd-MM-yyyy HH:mm:ss" linePattern="^\[" timeId="0" severityId="2" uuid="cfac4fb8-ee2c-489b-915c-ed35465a0ef8" />
      <LogParsingPattern name="Symfony" pattern="^\[([\d\-T:\+\.)]+)\]\s(\w+)\.([A-Z]+):\s(.*)$" timePattern="yyyy-MM-dd'T'HH:mm:ss.SSSSSSXXX" linePattern="^\[" timeId="0" severityId="2" categoryId="1" uuid="709d5670-3ee7-46fd-8baf-af40c3fb6f3b" />
      <LogParsingPattern name="Laravel" pattern="^\[([\d\-: ]*)] (?!:)[\s\S]*?\.(.*?(?=:)): ([\s\S]*?(?=(^\[[\d\-: ]*])|\Z))$" timePattern="yyyy-MM-dd HH:mm:ss" linePattern="^\[\d" timeId="0" severityId="1" uuid="b1f4f41b-d1b9-4782-ac27-07ee65710a73" />
    </externalParsingPatterns>
    <externalHighlightingPatterns>
      <LogHighlightingPattern pattern="^.*error\s*$" formatId="cfac4fb8-ee2c-489b-915c-ed35465a0ef8" captureGroup="-1" action="HIGHLIGHT_LINE" fg="{&quot;lightRgb&quot;:-2088928,&quot;darkRgb&quot;:-39836}" bold="true" uuid="ebea071d-a83b-4473-8534-50a99088fc45" />
      <LogHighlightingPattern pattern="^\s*notice\s*$" captureGroup="-1" action="HIGHLIGHT_LINE" fg="{&quot;lightRgb&quot;:-8355712,&quot;darkRgb&quot;:-8355712}" uuid="6f107f42-017e-49b3-85f1-85d0f5963f7c" />
      <LogHighlightingPattern pattern="^\s*critical\s*$" captureGroup="-1" action="HIGHLIGHT_LINE" fg="{&quot;lightRgb&quot;:-2088928,&quot;darkRgb&quot;:-39836}" bold="true" uuid="590a497a-8f79-42a7-b69f-25c8a12a0791" />
      <LogHighlightingPattern pattern="^\s*debug\s*$" captureGroup="-1" action="HIGHLIGHT_LINE" fg="{&quot;lightRgb&quot;:-8355712,&quot;darkRgb&quot;:-8355712}" uuid="a0f8f2c4-5ac9-4185-a38f-ca6eb2002399" />
    </externalHighlightingPatterns>
  </component>
</application>