<application>
  <component name="ParameterNameHintsSettings">
    <option id="vuejs.show.names.for.filters" value="false" />
    <option id="java.enums" value="false" />
    <option id="python.show.class.constructor.call.parameter.names" value="false" />
    <option id="go.return.parameters" value="false" />
    <option id="go.struct.unnamed.struct.fields" value="false" />
    <option id="js.only.show.names.for.tagged" value="false" />
    <option id="java.new.expr" value="false" />
    <option id="js.only.show.names.for.pipes" value="false" />
    <option id="js.only.show.names.for.literal.args" value="false" />
    <option id="ts.param.hints.show.names.for.literal.args" value="false" />
    <option id="js.param.hints.show.names.for.tagged" value="false" />
    <option id="angular.show.names.for.pipes" value="false" />
    <option id="lua.hints.show_args_type" value="false" />
    <option id="php.pass.by.reference" value="false" />
    <option id="vuejs.show.names.for.literal.args" value="false" />
    <disabledLanguages>
      <language id="JAVA" />
      <language id="TypeScript" />
      <language id="Angular2Html" />
      <language id="XML" />
      <language id="JavaScript" />
      <language id="Vue" />
      <language id="go" />
      <language id="Lua" />
      <language id="PHP" />
      <language id="yaml" />
      <language id="SQL" />
      <language id="Python" />
    </disabledLanguages>
  </component>
</application>