<application>
  <component name="ProjectManager">
    <defaultProject>
      <component name="ComposerSettings">
        <execution />
      </component>
      <component name="ProjectViewState">
        <option name="autoscrollFromSource" value="true" />
        <option name="showLibraryContents" value="true" />
        <option name="showScratchesAndConsoles" value="false" />
      </component>
      <component name="PropertiesComponent">{
  &quot;keyToString&quot;: {
    &quot;go.import.settings.migrated&quot;: &quot;true&quot;,
    &quot;settings.editor.selected.configurable&quot;: &quot;settings.sync&quot;
  }
}</component>
      <component name="WindowStateProjectService">
        <state x="0" y="0" width="2560" height="1440" key="#com.intellij.openapi.updateSettings.impl.PluginUpdateInfoDialog" timestamp="1745510177561">
          <screen x="0" y="0" width="2560" height="1440" />
        </state>
        <state x="0" y="0" width="2560" height="1440" key="#com.intellij.openapi.updateSettings.impl.PluginUpdateInfoDialog/-1512.303.1512.950/0.0.2560.1440" timestamp="1745510177561" />
        <state x="0" y="0" width="2560" height="1440" key="#com.intellij.openapi.updateSettings.impl.PluginUpdateInfoDialog/-1512.304.1512.950/0.0.2560.1440" timestamp="1740988248839" />
        <state x="0" y="0" width="2560" height="1440" key="SettingsEditor" timestamp="1745511631748">
          <screen x="0" y="0" width="2560" height="1440" />
        </state>
        <state x="0" y="0" width="2560" height="1440" key="SettingsEditor/-1512.303.1512.950/0.0.2560.1440" timestamp="1745511631748" />
        <state x="0" y="0" width="2560" height="1440" key="SettingsEditor/-1512.304.1512.950/0.0.2560.1440" timestamp="1740692735205" />
      </component>
      <component name="masterDetails">
        <states>
          <state key="ProjectJDKs.UI">
            <settings>
              <splitter-proportions>
                <option name="proportions">
                  <list>
                    <option value="0.2" />
                  </list>
                </option>
              </splitter-proportions>
            </settings>
          </state>
        </states>
      </component>
    </defaultProject>
  </component>
</application>