<application>
  <component name="Trusted.Paths">
    <option name="TRUSTED_PROJECT_PATHS">
      <map>
        <entry key="$USER_HOME$/Workspace/aws-shared-resources" value="true" />
        <entry key="$USER_HOME$/Workspace/aws_provisioning" value="true" />
        <entry key="$USER_HOME$/Workspace/monorepo" value="true" />
        <entry key="$USER_HOME$/Workspace/mstaff-argocd-app-of-apps" value="true" />
        <entry key="$USER_HOME$/Workspace/mstaff-career-website" value="true" />
        <entry key="$USER_HOME$/Workspace/mstaff-etna" value="true" />
        <entry key="$USER_HOME$/Workspace/mstaff-taal" value="true" />
        <entry key="$USER_HOME$/Workspace/mstaff-v3-api" value="true" />
        <entry key="$USER_HOME$/Workspace/mstaff-v3-client" value="true" />
        <entry key="$USER_HOME$/Workspace/personal/fem-go-1/personal-fem-go-1" value="true" />
        <entry key="$USER_HOME$/Workspace/personal/fem-go-aws" value="true" />
      </map>
    </option>
  </component>
  <component name="Trusted.Paths.Settings">
    <option name="TRUSTED_PATHS">
      <list>
        <option value="$USER_HOME$/Workspace" />
      </list>
    </option>
  </component>
</application>