<application>
  <component name="PhpThisOrSelfImportFilteringUsageSetting">
    <option name="SHOW_THIS_OR_SELF_REFERENCES" value="true" />
  </component>
  <component name="UsageViewSettings">
    <option name="IS_EXPANDED" value="true" />
    <option name="GROUP_BY_DIRECTORY_STRUCTURE" value="true" />
    <option name="GROUP_BY_MODULE" value="false" />
    <option name="GROUP_BY_PACKAGE" value="false" />
    <option name="GROUP_BY_USAGE_TYPE" value="false" />
    <option name="IS_PREVIEW_USAGES" value="false" />
    <option name="PREVIEW_USAGES_SPLITTER_PROPORTIONS" value="0.5037864" />
  </component>
</application>