<application>
  <component name="WebTypesNpmLoader" timestamp="1744267779801">
    <package name="@web-types/vue-client-only">
      <version value="2.0.0-1" url="https://registry.npmjs.org/@web-types/vue-client-only/-/vue-client-only-2.0.0-1.tgz" />
    </package>
    <enabled>
      <package name="bootstrap-vue" />
      <package name="quasar" />
      <package name="quasar-framework" />
      <package name="vue" />
      <package name="vue-client-only" />
      <package name="vue-no-ssr" />
      <package name="vue-router" />
      <package name="vuetify" />
      <package name="@nuxt/vue-app" />
      <package name="lit" />
    </enabled>
  </component>
</application>