<application>
  <component name="DimensionService">
    <location key="find.popup.0.0.2560.1440@120dpi" x="440" y="142" />
    <location key="find.popup.0.0.3600.2338@240dpi" x="940" y="336" />
    <location key="find.popup.0.0.2560.1440@144dpi" x="298" y="117" />
    <size key="find.popup.0.0.2560.1440@120dpi" width="1760" height="1158" />
    <size key="find.popup.0.0.3600.2338@240dpi" width="1962" height="1766" />
    <size key="GridCell.Tab.0.left.0.0.2560.1440@120dpi" width="2558" height="686" />
    <size key="GridCell.Tab.0.center.0.0.2560.1440@120dpi" width="2558" height="686" />
    <size key="GridCell.Tab.0.right.0.0.2560.1440@120dpi" width="2558" height="686" />
    <size key="GridCell.Tab.0.bottom.0.0.2560.1440@120dpi" width="2558" height="686" />
    <size key="find.popup.0.0.2560.1440@144dpi" width="2057" height="1179" />
    <size key="GridCell.Tab.0.left.0.0.2560.1440@144dpi" width="2558" height="593" />
    <size key="GridCell.Tab.0.center.0.0.2560.1440@144dpi" width="2558" height="593" />
    <size key="GridCell.Tab.0.right.0.0.2560.1440@144dpi" width="2558" height="593" />
    <size key="GridCell.Tab.0.bottom.0.0.2560.1440@144dpi" width="2558" height="593" />
    <size key="GridCell.Tab.1.left.0.0.2560.1440@144dpi" width="2558" height="593" />
    <size key="GridCell.Tab.1.center.0.0.2560.1440@144dpi" width="2558" height="593" />
    <size key="GridCell.Tab.1.right.0.0.2560.1440@144dpi" width="2558" height="593" />
    <size key="GridCell.Tab.1.bottom.0.0.2560.1440@144dpi" width="2558" height="593" />
    <size key="GridCell.Tab.2.left.0.0.2560.1440@144dpi" width="2558" height="593" />
    <size key="GridCell.Tab.2.center.0.0.2560.1440@144dpi" width="2558" height="593" />
    <size key="GridCell.Tab.2.right.0.0.2560.1440@144dpi" width="2558" height="593" />
    <size key="GridCell.Tab.2.bottom.0.0.2560.1440@144dpi" width="2558" height="593" />
    <size key="GridCell.Tab.3.left.0.0.2560.1440@144dpi" width="2558" height="593" />
    <size key="GridCell.Tab.3.center.0.0.2560.1440@144dpi" width="2558" height="593" />
    <size key="GridCell.Tab.3.right.0.0.2560.1440@144dpi" width="2558" height="593" />
    <size key="GridCell.Tab.3.bottom.0.0.2560.1440@144dpi" width="2558" height="593" />
  </component>
  <component name="WindowManager">
    <frame x="0" y="0" width="2560" height="1440" extendedState="6" />
  </component>
  <component name="WindowStateApplicationService">
    <state width="2021" height="141" key="ShowUsagesActions.dimensionServiceKey" timestamp="1745507928284">
      <screen x="0" y="0" width="2560" height="1440" />
    </state>
    <state width="2021" height="141" key="ShowUsagesActions.dimensionServiceKey/-1512.303.1512.950/0.0.2560.1440" timestamp="1745507928284" />
    <state width="1961" height="484" key="ShowUsagesActions.dimensionServiceKey/-1512.304.1512.950/0.0.2560.1440" timestamp="1741800532296" />
    <state x="1280" y="720" width="2560" height="1440" key="WELCOME_SCREEN" timestamp="1745511605685">
      <screen x="0" y="0" width="2560" height="1440" />
    </state>
    <state x="1280" y="720" width="2560" height="1440" key="WELCOME_SCREEN/-1512.303.1512.950" timestamp="1743922758607" />
    <state x="1280" y="720" width="2560" height="1440" key="WELCOME_SCREEN/-1512.303.1512.950/0.0.2560.1440" timestamp="1745511605685" />
    <state x="1280" y="720" width="2560" height="1440" key="WELCOME_SCREEN/-1512.304.1512.950" timestamp="1740746400523" />
    <state x="1280" y="720" width="2560" height="1440" key="WELCOME_SCREEN/-1512.304.1512.950/0.0.2560.1440" timestamp="1740988277186" />
    <state width="419" height="371" key="nx.dev.console.select_target" timestamp="1740413613822">
      <screen x="0" y="0" width="2560" height="1440" />
    </state>
    <state width="419" height="371" key="nx.dev.console.select_target/-1512.304.1512.950/0.0.2560.1440" timestamp="1740413613822" />
  </component>
</application>