<code_scheme name="Default" version="173">
  <option name="RIGHT_MARGIN" value="120" />
  <HTMLCodeStyleSettings>
    <option name="HTML_ATTRIBUTE_WRAP" value="0" />
    <option name="HTML_TEXT_WRAP" value="0" />
    <option name="HTML_KEEP_BLANK_LINES" value="1" />
    <option name="HTML_ALIGN_ATTRIBUTES" value="false" />
    <option name="HTML_DO_NOT_INDENT_CHILDREN_OF" value="thead,tbody,tfoot" />
  </HTMLCodeStyleSettings>
  <Markdown>
    <option name="WRAP_TEXT_IF_LONG" value="false" />
    <option name="WRAP_TEXT_INSIDE_BLOCKQUOTES" value="false" />
  </Markdown>
  <PHPCodeStyleSettings>
    <option name="CONCAT_SPACES" value="false" />
    <option name="COMMA_AFTER_LAST_ARRAY_ELEMENT" value="true" />
    <option name="COMMA_AFTER_LAST_PARAMETER" value="true" />
    <option name="COMMA_AFTER_LAST_CLOSURE_USE_VAR" value="true" />
    <option name="COMMA_AFTER_LAST_ARGUMENT" value="true" />
    <option name="COMMA_AFTER_LAST_MATCH_ARM" value="true" />
    <option name="PHPDOC_BLANK_LINE_BEFORE_TAGS" value="true" />
    <option name="PHPDOC_KEEP_BLANK_LINES" value="false" />
    <option name="ANONYMOUS_BRACE_STYLE" value="2" />
    <option name="THROWS_WEIGHT" value="1" />
    <option name="RETURN_WEIGHT" value="2" />
    <option name="LOWER_CASE_BOOLEAN_CONST" value="true" />
    <option name="LOWER_CASE_NULL_CONST" value="true" />
    <option name="ELSE_IF_STYLE" value="SEPARATE" />
    <option name="BLANK_LINES_BEFORE_RETURN_STATEMENT" value="1" />
    <option name="KEEP_RPAREN_AND_LBRACE_ON_ONE_LINE" value="true" />
    <option name="BLANK_LINES_AFTER_OPENING_TAG" value="1" />
    <option name="KEEP_BLANK_LINES_AFTER_LBRACE" value="1" />
    <option name="SPACE_AFTER_UNARY_NOT" value="true" />
    <option name="FORCE_SHORT_DECLARATION_ARRAY_STYLE" value="true" />
    <option name="NEW_LINE_AFTER_PHP_OPENING_TAG" value="true" />
    <option name="FORCE_EMPTY_METHODS_IN_ONE_LINE" value="true" />
    <option name="NAMESPACE_BRACE_STYLE" value="2" />
    <option name="PLACE_PARENS_FOR_CONSTRUCTOR" value="1" />
  </PHPCodeStyleSettings>
  <codeStyleSettings language="HTML">
    <option name="LINE_COMMENT_AT_FIRST_COLUMN" value="false" />
    <option name="BLOCK_COMMENT_AT_FIRST_COLUMN" value="false" />
  </codeStyleSettings>
  <codeStyleSettings language="JAVA">
    <option name="LINE_COMMENT_AT_FIRST_COLUMN" value="false" />
    <option name="BLOCK_COMMENT_AT_FIRST_COLUMN" value="false" />
    <option name="LINE_COMMENT_ADD_SPACE" value="true" />
    <option name="LINE_COMMENT_ADD_SPACE_ON_REFORMAT" value="true" />
    <option name="KEEP_FIRST_COLUMN_COMMENT" value="false" />
  </codeStyleSettings>
  <codeStyleSettings language="JavaScript">
    <option name="BLOCK_COMMENT_AT_FIRST_COLUMN" value="false" />
    <option name="KEEP_FIRST_COLUMN_COMMENT" value="false" />
  </codeStyleSettings>
  <codeStyleSettings language="LESS">
    <option name="LINE_COMMENT_ADD_SPACE" value="true" />
  </codeStyleSettings>
  <codeStyleSettings language="Markdown">
    <option name="RIGHT_MARGIN" value="0" />
    <indentOptions>
      <option name="INDENT_SIZE" value="2" />
    </indentOptions>
  </codeStyleSettings>
  <codeStyleSettings language="PHP">
    <option name="LINE_COMMENT_AT_FIRST_COLUMN" value="false" />
    <option name="LINE_COMMENT_ADD_SPACE" value="true" />
    <option name="KEEP_FIRST_COLUMN_COMMENT" value="false" />
    <option name="KEEP_BLANK_LINES_IN_DECLARATIONS" value="1" />
    <option name="KEEP_BLANK_LINES_IN_CODE" value="1" />
    <option name="KEEP_BLANK_LINES_BEFORE_RBRACE" value="1" />
    <option name="BLANK_LINES_AFTER_PACKAGE" value="1" />
    <option name="BLANK_LINES_AROUND_FIELD" value="1" />
    <option name="ALIGN_MULTILINE_PARAMETERS" value="false" />
    <option name="ALIGN_MULTILINE_FOR" value="false" />
    <option name="ALIGN_MULTILINE_TERNARY_OPERATION" value="true" />
    <option name="ALIGN_MULTILINE_ARRAY_INITIALIZER_EXPRESSION" value="true" />
    <option name="SPACE_AFTER_TYPE_CAST" value="true" />
    <option name="CALL_PARAMETERS_WRAP" value="5" />
    <option name="CALL_PARAMETERS_LPAREN_ON_NEXT_LINE" value="true" />
    <option name="CALL_PARAMETERS_RPAREN_ON_NEXT_LINE" value="true" />
    <option name="METHOD_PARAMETERS_WRAP" value="5" />
    <option name="METHOD_PARAMETERS_LPAREN_ON_NEXT_LINE" value="true" />
    <option name="METHOD_PARAMETERS_RPAREN_ON_NEXT_LINE" value="true" />
    <option name="METHOD_CALL_CHAIN_WRAP" value="5" />
    <option name="ARRAY_INITIALIZER_WRAP" value="5" />
    <option name="ARRAY_INITIALIZER_LBRACE_ON_NEXT_LINE" value="true" />
    <option name="ARRAY_INITIALIZER_RBRACE_ON_NEXT_LINE" value="true" />
    <option name="IF_BRACE_FORCE" value="1" />
    <option name="DOWHILE_BRACE_FORCE" value="1" />
    <option name="WHILE_BRACE_FORCE" value="1" />
    <option name="FOR_BRACE_FORCE" value="1" />
    <arrangement>
      <tokens>
        <token id="visibility" name="visibility">
          <rules>
            <rule>
              <match>
                <PUBLIC>true</PUBLIC>
              </match>
              <order>BY_NAME</order>
            </rule>
            <rule>
              <match>
                <PROTECTED>true</PROTECTED>
              </match>
              <order>BY_NAME</order>
            </rule>
            <rule>
              <match>
                <PRIVATE>true</PRIVATE>
              </match>
              <order>BY_NAME</order>
            </rule>
          </rules>
        </token>
        <token id="modifiers" name="modifiers">
          <rules>
            <rule>
              <match>
                <PUBLIC>true</PUBLIC>
              </match>
              <order>BY_NAME</order>
            </rule>
            <rule>
              <match>
                <PROTECTED>true</PROTECTED>
              </match>
              <order>BY_NAME</order>
            </rule>
            <rule>
              <match>
                <PRIVATE>true</PRIVATE>
              </match>
              <order>BY_NAME</order>
            </rule>
          </rules>
        </token>
      </tokens>
      <groups />
      <rules>
        <section>
          <rule>
            <match>
              <INTERFACE>true</INTERFACE>
            </match>
            <order>BY_NAME</order>
          </rule>
        </section>
        <section>
          <rule>
            <match>
              <CLASS>true</CLASS>
            </match>
            <order>BY_NAME</order>
          </rule>
        </section>
        <section>
          <rule>
            <match>
              <TRAIT>true</TRAIT>
            </match>
            <order>BY_NAME</order>
          </rule>
        </section>
        <section>
          <rule>
            <match>
              <AND>
                <CONST>true</CONST>
                <visibility />
              </AND>
            </match>
            <order>BY_NAME</order>
          </rule>
        </section>
        <section>
          <rule>
            <match>
              <AND>
                <FIELD>true</FIELD>
                <visibility />
              </AND>
            </match>
            <order>BY_NAME</order>
          </rule>
        </section>
        <section>
          <rule>
            <match>
              <AND>
                <CONSTRUCTOR>true</CONSTRUCTOR>
                <visibility />
              </AND>
            </match>
            <order>BY_NAME</order>
          </rule>
        </section>
        <section>
          <rule>
            <match>
              <AND>
                <METHOD>true</METHOD>
                <visibility />
              </AND>
            </match>
            <order>BY_NAME</order>
          </rule>
        </section>
      </rules>
    </arrangement>
  </codeStyleSettings>
  <codeStyleSettings language="SASS">
    <option name="LINE_COMMENT_ADD_SPACE" value="true" />
  </codeStyleSettings>
  <codeStyleSettings language="SCSS">
    <option name="LINE_COMMENT_ADD_SPACE" value="true" />
  </codeStyleSettings>
  <codeStyleSettings language="Shell Script">
    <indentOptions>
      <option name="INDENT_SIZE" value="4" />
      <option name="TAB_SIZE" value="4" />
      <option name="USE_TAB_CHARACTER" value="true" />
    </indentOptions>
  </codeStyleSettings>
  <codeStyleSettings language="TypeScript">
    <option name="KEEP_FIRST_COLUMN_COMMENT" value="false" />
  </codeStyleSettings>
  <codeStyleSettings language="XML">
    <option name="LINE_COMMENT_AT_FIRST_COLUMN" value="false" />
    <option name="BLOCK_COMMENT_AT_FIRST_COLUMN" value="false" />
  </codeStyleSettings>
  <codeStyleSettings language="yaml">
    <indentOptions>
      <option name="INDENT_SIZE" value="4" />
    </indentOptions>
  </codeStyleSettings>
</code_scheme>