<keymap version="1" name="teodc" parent="Mac OS X 10.5+">
  <action id="ActivateBigDataToolWindowToolWindow">
    <keyboard-shortcut first-keystroke="shift ctrl meta b" />
  </action>
  <action id="Annotate">
    <keyboard-shortcut first-keystroke="shift ctrl a" />
  </action>
  <action id="Git.CompareWithBranch">
    <keyboard-shortcut first-keystroke="alt d" />
  </action>
  <action id="GotoBookmark0">
    <keyboard-shortcut first-keystroke="meta alt 0" />
  </action>
  <action id="GotoBookmark1">
    <keyboard-shortcut first-keystroke="meta alt 1" />
  </action>
  <action id="GotoBookmark2">
    <keyboard-shortcut first-keystroke="meta alt 2" />
  </action>
  <action id="GotoBookmark3">
    <keyboard-shortcut first-keystroke="meta alt 3" />
  </action>
  <action id="GotoBookmark4">
    <keyboard-shortcut first-keystroke="meta alt 4" />
  </action>
  <action id="GotoBookmark5">
    <keyboard-shortcut first-keystroke="meta alt 5" />
  </action>
  <action id="GotoBookmark6">
    <keyboard-shortcut first-keystroke="meta alt 6" />
  </action>
  <action id="GotoBookmark7">
    <keyboard-shortcut first-keystroke="meta alt 7" />
  </action>
  <action id="GotoBookmark8">
    <keyboard-shortcut first-keystroke="meta alt 8" />
  </action>
  <action id="GotoBookmark9">
    <keyboard-shortcut first-keystroke="meta alt 9" />
  </action>
  <action id="HideAllWindows">
    <keyboard-shortcut first-keystroke="shift meta f12" />
    <keyboard-shortcut first-keystroke="shift meta escape" />
  </action>
  <action id="OpenInlineChatAction">
    <keyboard-shortcut first-keystroke="shift ctrl g" />
  </action>
  <action id="copilot.disposeInlays" />
</keymap>